{"cameraMode":{"drawMode":0,"name":"Shaded","section":"Shading Mode"},"sceneLighting":true,"audioPlay":false,"sceneViewState":{"m_AlwaysRefresh":false,"showFog":true,"showSkybox":true,"showFlares":true,"showImageEffects":true,"showParticleSystems":true,"showVisualEffectGraphs":true,"m_FxEnabled":true},"in2DMode":false,"pivot":{"x":1.2255480289459229,"y":1.7232190370559693,"z":-6.948039531707764},"rotation":{"x":-0.006833133287727833,"y":0.9384323954582214,"z":-0.018592534586787225,"w":-0.34489527344703677},"size":9.11255168914795,"orthographic":false}